Tên sản phẩm,Lý do bỏ qua,URL
Honor Magic 5,Liên hệ để báo giá,https://cellphones.com.vn/honor-magic-5.html
Xiaomi Redmi Note 12R Pro,Liên hệ để báo giá,https://cellphones.com.vn/xiaomi-redmi-note-12r-pro.html
Tecno Spark 8P,Liên hệ để báo giá,https://cellphones.com.vn/tecno-spark-8p.html
HONOR Play 10 3GB 64GB,Liên hệ để báo giá,https://cellphones.com.vn/dien-thoai-honor-play-10.html
Vivo iQOO Z6,Liên hệ để báo giá,https://cellphones.com.vn/vivo-iqoo-z6.html
Redmi K50i 5G,Liên hệ để báo giá,https://cellphones.com.vn/xiaomi-redmi-k50i.html
Nokia G400,Liên hệ để báo giá,https://cellphones.com.vn/nokia-g400.html
Redmi A1+,Liên hệ để báo giá,https://cellphones.com.vn/redmi-a1-plus.html
Huawei Mate 60 Pro,Liên hệ để báo giá,https://cellphones.com.vn/huawei-mate-60-pro.html
Realme Note 9 Prime,Liên hệ để báo giá,https://cellphones.com.vn/realme-note-9-prime.html
realme C75X 8GB-128GB,Liên hệ để báo giá,https://cellphones.com.vn/dien-thoai-realme-c75x.html
Xiaomi 14 8GB 256GB,Liên hệ để báo giá,https://cellphones.com.vn/xiaomi-14-8gb-256gb.html
Nubia Red Magic 7 Pro,Liên hệ để báo giá,https://cellphones.com.vn/nubia-red-magic-7-pro.html
Infinix Hot 20 Play,Liên hệ để báo giá,https://cellphones.com.vn/infinix-hot-20-play.html
Nubia Z40S Pro,Liên hệ để báo giá,https://cellphones.com.vn/nubia-z40s-pro.html
Honor 90 Lite,Liên hệ để báo giá,https://cellphones.com.vn/honor-90-lite.html
Samsung Galaxy A14 4G 6GB 128GB,Liên hệ để báo giá,https://cellphones.com.vn/samsung-galaxy-a14-4g-6gb-128gb.html
realme 12 Pro,Liên hệ để báo giá,https://cellphones.com.vn/dien-thoai-realme-12-pro.html
Xiaomi 14 Pro 8GB 256GB,Liên hệ để báo giá,https://cellphones.com.vn/xiaomi-14-pro-8gb-256gb.html
Realme 9i 5G,Liên hệ để báo giá,https://cellphones.com.vn/realme-9i-5g.html
Xiaomi 13S Ultra,Liên hệ để báo giá,https://cellphones.com.vn/xiaomi-13s-ultra.html
Xiaomi Black Shark 5,Liên hệ để báo giá,https://cellphones.com.vn/xiaomi-black-shark-5.html
OPPO A2x,Liên hệ để báo giá,https://cellphones.com.vn/oppo-a2x.html
HONOR Power 2,Liên hệ để báo giá,https://cellphones.com.vn/dien-thoai-honor-power-2.html
ASUS ROG Phone 6 Mediatek,Liên hệ để báo giá,https://cellphones.com.vn/asus-rog-phone-6-mediatek.html
Nubia Neo 5 Max,Liên hệ để báo giá,https://cellphones.com.vn/dien-thoai-nubia-neo-5-max.html
Realme V23 5G,Liên hệ để báo giá,https://cellphones.com.vn/realme-v23.html
Meizu 20 Pro,Liên hệ để báo giá,https://cellphones.com.vn/meizu-20-pro.html
OnePlus Nord CE 2 Lite 5G,Liên hệ để báo giá,https://cellphones.com.vn/oneplus-nord-ce-2-lite.html
Tecno Camon 19,Liên hệ để báo giá,https://cellphones.com.vn/tecno-camon-19.html
Realme GT Neo 6,Liên hệ để báo giá,https://cellphones.com.vn/realme-gt-neo-6.html
POCO F6,Liên hệ để báo giá,https://cellphones.com.vn/dien-thoai-xiaomi-poco-f6.html
Tecno Camon Slim 4G 8GB 128GB,Liên hệ để báo giá,https://cellphones.com.vn/dien-thoai-tecno-camon-slim-4g.html
Lenovo ThinkPhone,Liên hệ để báo giá,https://cellphones.com.vn/lenovo-thinkphone.html
Google Pixel 6,Liên hệ để báo giá,https://cellphones.com.vn/google-pixel-6.html
Nokia C02,Liên hệ để báo giá,https://cellphones.com.vn/nokia-c02.html
ViVo iQOO 10,Liên hệ để báo giá,https://cellphones.com.vn/vivo-iqoo-10.html
Điện thoại Samsung Galaxy Z Flip mới,Liên hệ để báo giá,https://cellphones.com.vn/dien-thoai-samsung-galaxy-z-flip-moi.html
Masstel Tab 10.4,Liên hệ để báo giá,https://cellphones.com.vn/masstel-tab-10-4.html
OnePlus V Fold,Liên hệ để báo giá,https://cellphones.com.vn/oneplus-v-fold.html
Xiaomi 15 5G 12GB 256GB,Liên hệ để báo giá,https://cellphones.com.vn/dien-thoai-xiaomi-15-5g-12gb-256gb.html
Xiaomi 12 Lite,Liên hệ để báo giá,https://cellphones.com.vn/xiaomi-12-lite.html
Samsung Galaxy A75,Liên hệ để báo giá,https://cellphones.com.vn/samsung-galaxy-a75.html
OPPO Reno9 Pro,Liên hệ để báo giá,https://cellphones.com.vn/oppo-reno-9-pro.html
Huawei Nova 7 SE,Liên hệ để báo giá,https://cellphones.com.vn/huawei-nova-7-se.html
Xiaomi Redmi 10 Prime,Liên hệ để báo giá,https://cellphones.com.vn/xiaomi-redmi-10-prime.html
Honor X9B,Liên hệ để báo giá,https://cellphones.com.vn/dien-thoai-honor-x9b.html
Xiaomi Redmi 11,Liên hệ để báo giá,https://cellphones.com.vn/xiaomi-redmi-11.html
Bphone B86s,Liên hệ để báo giá,https://cellphones.com.vn/bphone-b86s.html
Realme V30,Liên hệ để báo giá,https://cellphones.com.vn/realme-v30.html
HTC U23 Pro,Liên hệ để báo giá,https://cellphones.com.vn/htc-u23-pro.html
OPPO A57e,Liên hệ để báo giá,https://cellphones.com.vn/oppo-a57e.html
Vivo iQOO 9 Pro,Liên hệ để báo giá,https://cellphones.com.vn/vivo-iqoo-9-pro.html
vivo Y200 Pro,Liên hệ để báo giá,https://cellphones.com.vn/dien-thoai-vivo-y200-pro.html
Realme GT Neo 2,Liên hệ để báo giá,https://cellphones.com.vn/realme-gt-neo-2.html
iPhone 15 Pro Max 2TB | Chính hãng VN/A,Liên hệ để báo giá,https://cellphones.com.vn/iphone-15-pro-max-2tb-68865.html
Huawei Nova 9 SE,Liên hệ để báo giá,https://cellphones.com.vn/huawei-nova-9-se.html
Tecno Spark 9T,Liên hệ để báo giá,https://cellphones.com.vn/tecno-spark-9t.html
Infinix Smart 9 3GB 64GB,Liên hệ để báo giá,https://cellphones.com.vn/dien-thoai-infinix-smart-9.html
OnePlus Nord N20 SE,Liên hệ để báo giá,https://cellphones.com.vn/oneplus-nord-n20-se.html
OnePlus Nord 2T,Liên hệ để báo giá,https://cellphones.com.vn/oneplus-nord-2t.html
Masstel Lux 10,Liên hệ để báo giá,https://cellphones.com.vn/masstel-lux-10.html
ZTE Nubia Z60 Ultra,Liên hệ để báo giá,https://cellphones.com.vn/zte-nubia-z60-ultra.html
OPPO Find X6 Pro,Liên hệ để báo giá,https://cellphones.com.vn/oppo-find-x6-pro.html
Vivo Y67,Liên hệ để báo giá,https://cellphones.com.vn/vivo-y67.html
Vivo X60 Pro+,Liên hệ để báo giá,https://cellphones.com.vn/vivo-x60-pro-plus.html
realme GT Neo 5,Liên hệ để báo giá,https://cellphones.com.vn/realme-gt-neo-5.html
Vivo Y56,Liên hệ để báo giá,https://cellphones.com.vn/vivo-y56.html
Xiaomi Redmi Note 11T 5G,Liên hệ để báo giá,https://cellphones.com.vn/xiaomi-redmi-note-11t.html
OnePlus Nord 2 CE,Liên hệ để báo giá,https://cellphones.com.vn/oneplus-nord-2-ce.html
Masstel Izi 10 4G,Liên hệ để báo giá,https://cellphones.com.vn/masstel-izi-10-4g.html
OPPO Reno13F 4G 12GB-512GB,Liên hệ để báo giá,https://cellphones.com.vn/dien-thoai-oppo-reno13f-4g-12gb-512gb.html
TECNO CAMON 20 Premier,Liên hệ để báo giá,https://cellphones.com.vn/tecno-camon-20-premier.html
Xiaomii 14 Lite 12GB 512GB,Liên hệ để báo giá,https://cellphones.com.vn/xiaomi-14-lite-12gb-512gb.html
Infinix Note 40 5G,Liên hệ để báo giá,https://cellphones.com.vn/dien-thoai-infinix-note-40-5g.html
Vivo Y21T,Liên hệ để báo giá,https://cellphones.com.vn/vivo-y21t.html
Xiaomi Redmi Note 14 Pro Plus 12GB 512GB,Liên hệ để báo giá,https://cellphones.com.vn/dien-thoai-xiaomi-redmi-note-14-pro-plus-12gb-512gb.html
Xiaomi POCO C50,Liên hệ để báo giá,https://cellphones.com.vn/xiaomi-poco-c50.html
HONOR Magic V Flip 2,Liên hệ để báo giá,https://cellphones.com.vn/dien-thoai-honor-magic-v-flip-2.html
Honor 80,Liên hệ để báo giá,https://cellphones.com.vn/honor-80.html
Nokia X21 5G,Liên hệ để báo giá,https://cellphones.com.vn/nokia-x21.html
Xiaomi Poco F7 Ultra,Liên hệ để báo giá,https://cellphones.com.vn/dien-thoai-xiaomi-poco-f7-ultra.html
Samsung Galaxy A13 6GB 128GB,Liên hệ để báo giá,https://cellphones.com.vn/samsung-galaxy-a13-6gb.html
Google Pixel 8 Pro,Liên hệ để báo giá,https://cellphones.com.vn/google-pixel-8-pro.html
Vivo Y21e,Liên hệ để báo giá,https://cellphones.com.vn/vivo-y21e.html
Xiaomi Redmi Note 14 Pro,Liên hệ để báo giá,https://cellphones.com.vn/dien-thoai-xiaomi-redmi-note-14-pro.html
Xiaomi Redmi 14,Liên hệ để báo giá,https://cellphones.com.vn/dien-thoai-xiaomi-redmi-14.html
realme GT 5,Liên hệ để báo giá,https://cellphones.com.vn/realme-gt-5.html
Masstel Tab 10A,Liên hệ để báo giá,https://cellphones.com.vn/masstel-tab-10a.html
Vivo S17e,Liên hệ để báo giá,https://cellphones.com.vn/vivo-s17e.html
OPPO Find X7 Pro,Liên hệ để báo giá,https://cellphones.com.vn/oppo-find-x7-pro.html
Xiaomi Redmi Note 11SE,Liên hệ để báo giá,https://cellphones.com.vn/xiaomi-redmi-note-11se.html
Infinix Zero 5G,Liên hệ để báo giá,https://cellphones.com.vn/infinix-zero-5g.html
Huawei Enjoy 50 Pro,Liên hệ để báo giá,https://cellphones.com.vn/huawei-enjoy-50-pro.html
Xiaomi 12X,Liên hệ để báo giá,https://cellphones.com.vn/xiaomi-12x.html
Xiaomi Redmi K70 Pro,Liên hệ để báo giá,https://cellphones.com.vn/xiaomi-redmi-k70-pro.html
Xiaomi Redmi Note 12 Pro 4G,Liên hệ để báo giá,https://cellphones.com.vn/xiaomi-redmi-note-12-pro-56074.html
Xiaomi Poco F4 GT,Liên hệ để báo giá,https://cellphones.com.vn/xiaomi-poco-f4-gt.html
Vivo Y77T,Liên hệ để báo giá,https://cellphones.com.vn/vivo-y77t.html
Vivo Y91,Liên hệ để báo giá,https://cellphones.com.vn/vivo-y91.html
Redmi K50 Gaming Edition,Liên hệ để báo giá,https://cellphones.com.vn/redmi-k50-gaming-edition.html
Sharp Rouvo V,Liên hệ để báo giá,https://cellphones.com.vn/sharp-rouvo-v.html
Meizu 20,Liên hệ để báo giá,https://cellphones.com.vn/meizu-20.html
Vivo Y81,Liên hệ để báo giá,https://cellphones.com.vn/vivo-y81.html
Samsung Galaxy A57 8GB 256GB,Liên hệ để báo giá,https://cellphones.com.vn/dien-thoai-samsung-galaxy-a57-8gb-256gb.html
Xiaomi Civi 1S,Liên hệ để báo giá,https://cellphones.com.vn/xiaomi-civi-1s.html
Honor Power,Liên hệ để báo giá,https://cellphones.com.vn/dien-thoai-honor-power.html
OPPO Reno12 FS 5G,Liên hệ để báo giá,https://cellphones.com.vn/dien-thoai-oppo-reno12-fs-5g.html
Samsung Galaxy A24,Liên hệ để báo giá,https://cellphones.com.vn/samsung-galaxy-a24.html
vivo X90 Pro,Liên hệ để báo giá,https://cellphones.com.vn/vivo-x90-pro.html
OnePlus 10,Liên hệ để báo giá,https://cellphones.com.vn/oneplus-10.html
Oppo Reno8 4G,Liên hệ để báo giá,https://cellphones.com.vn/oppo-reno-8-50226.html
Xiaomi F9S,Liên hệ để báo giá,https://cellphones.com.vn/xiaomi-f9-lite.html
vivo y100i,Liên hệ để báo giá,https://cellphones.com.vn/dien-thoai-vivo-y100i.html
Vivo Y71,Liên hệ để báo giá,https://cellphones.com.vn/vivo-y71.html
vivo Y36 8GB 256GB,Liên hệ để báo giá,https://cellphones.com.vn/dien-thoai-vivo-y36-8gb-256gb-79124.html
Xiaomi Redmi Note 12T Pro,Liên hệ để báo giá,https://cellphones.com.vn/xiaomi-redmi-note-12t-pro.html
Google Pixel 9 Pro XL,Liên hệ để báo giá,https://cellphones.com.vn/dien-thoai-google-pixel-9-pro-xl.html
POCO F6 5G,Liên hệ để báo giá,https://cellphones.com.vn/dien-thoai-poco-f6-5g.html
Huawei P50 Pocket S,Liên hệ để báo giá,https://cellphones.com.vn/huawei-p50-pocket-s.html
Vivo X80 Pro Plus,Liên hệ để báo giá,https://cellphones.com.vn/vivo-x80-pro-plus.html
Xiaomi 14 12GB 256GB,Liên hệ để báo giá,https://cellphones.com.vn/xiaomi-14-12gb-256gb-76428.html
realme 13+ 5G 12GB 256GB,Liên hệ để báo giá,https://cellphones.com.vn/dien-thoai-realme-13-plus-5g-12gb-256gb.html
Huawei P50 Pro+,Liên hệ để báo giá,https://cellphones.com.vn/huawei-p50-pro-plus.html
TCL 505,Liên hệ để báo giá,https://cellphones.com.vn/dien-thoai-tcl-505.html
OPPO Find X7 5G 16GB 256GB,Liên hệ để báo giá,https://cellphones.com.vn/oppo-find-x7-256gb.html
Xiaomi 14 16GB - 1TB,Liên hệ để báo giá,https://cellphones.com.vn/xiaomi-14-16gb-1tb.html
Nokia 130,Liên hệ để báo giá,https://cellphones.com.vn/nokia-130.html
Huawei Enjoy 20 Plus,Liên hệ để báo giá,https://cellphones.com.vn/huawei-enjoy-20-plus.html
Honor X7,Liên hệ để báo giá,https://cellphones.com.vn/honor-x7.html
Huawei P60 Pro,Liên hệ để báo giá,https://cellphones.com.vn/huawei-p60-pro.html
Itel A70,Liên hệ để báo giá,https://cellphones.com.vn/itel-a70.html
Vivo Y33e,Liên hệ để báo giá,https://cellphones.com.vn/vivo-y33e.html
Google Pixel 2 XL,Liên hệ để báo giá,https://cellphones.com.vn/google-pixel-2-xl.html
Leitz Phone 2,Liên hệ để báo giá,https://cellphones.com.vn/leitz-phone-2.html
Vivo Y85,Liên hệ để báo giá,https://cellphones.com.vn/vivo-y85.html
iQOO Neo 7 Pro,Liên hệ để báo giá,https://cellphones.com.vn/vivo-iqoo-neo-7-pro.html
OnePlus 10R,Liên hệ để báo giá,https://cellphones.com.vn/oneplus-10r.html
Google Pixel 7 Pro,Liên hệ để báo giá,https://cellphones.com.vn/google-pixel-7-pro.html
Xiaomi Mix Alpha,Liên hệ để báo giá,https://cellphones.com.vn/xiaomi-mix-alpha.html
Huawei Enjoy 20,Liên hệ để báo giá,https://cellphones.com.vn/huawei-enjoy-20.html
vivo X100 Pro,Liên hệ để báo giá,https://cellphones.com.vn/dien-thoai-vivo-x100-pro.html
Google Pixel 9 Pro,Liên hệ để báo giá,https://cellphones.com.vn/dien-thoai-google-pixel-9-pro.html
Xiaomi Mi MIX Fold,Liên hệ để báo giá,https://cellphones.com.vn/xiaomi-mi-mix-fold.html
Realme Narzo N55,Liên hệ để báo giá,https://cellphones.com.vn/realme-narzo-n55.html
Huawei Mate X6,Liên hệ để báo giá,https://cellphones.com.vn/dien-thoai-huawei-mate-x6.html
Masstel Izi 20,Liên hệ để báo giá,https://cellphones.com.vn/masstel-izi-20.html
Vivo X Fold 3,Liên hệ để báo giá,https://cellphones.com.vn/vivo-x-fold-3.html
Xiaomi Redmi Note 13 8GB 128GB,Liên hệ để báo giá,https://cellphones.com.vn/xiaomi-redmi-note-13-8gb.html
Masstel Hapi 10,Liên hệ để báo giá,https://cellphones.com.vn/masstel-hapi-10.html
Blackview A95,Liên hệ để báo giá,https://cellphones.com.vn/blackview-a95.html
Xiaomi 14 Ultra 8GB 256GB,Liên hệ để báo giá,https://cellphones.com.vn/xiaomi-14-ultra-8gb-256gb.html
Huawei Nova 10 SE,Liên hệ để báo giá,https://cellphones.com.vn/huawei-nova-10-se.html
realme 10T,Liên hệ để báo giá,https://cellphones.com.vn/realme-10t.html
Xiaomi Redmi Note 13R Pro,Liên hệ để báo giá,https://cellphones.com.vn/dien-thoai-xiaomi-redmi-note-13r-pro.html
OPPO Reno 11 A,Liên hệ để báo giá,https://cellphones.com.vn/dien-thoai-oppo-reno-11-a.html
Xiaomi Mi 11X,Liên hệ để báo giá,https://cellphones.com.vn/xiaomi-mi-11x.html
Masstel Izi 55 4g,Liên hệ để báo giá,https://cellphones.com.vn/masstel-izi-55-4g.html
OPPO Reno12 F 4G 8GB 256GB,Liên hệ để báo giá,https://cellphones.com.vn/dien-thoai-oppo-reno-12f-4g.html
Samsung A56 5G 12GB - 256GB,Liên hệ để báo giá,https://cellphones.com.vn/dien-thoai-samsung-galaxy-a56-12gb-256gb.html
Xiaomi Redmi Note 12 Turbo,Liên hệ để báo giá,https://cellphones.com.vn/redmi-note-12-turbo.html
Masstel Izi 55,Liên hệ để báo giá,https://cellphones.com.vn/masstel-izi-55.html
OPPO A98 5G,Liên hệ để báo giá,https://cellphones.com.vn/oppo-a98-5g-63072.html
Xiaomi 12i HyperCharge,Liên hệ để báo giá,https://cellphones.com.vn/xiaomi-12i-hypercharge.html
realme 11X 5G,Liên hệ để báo giá,https://cellphones.com.vn/realme-11x-5g.html
Vivo X100,Liên hệ để báo giá,https://cellphones.com.vn/vivo-x100.html
Vivo V7,Liên hệ để báo giá,https://cellphones.com.vn/vivo-v7.html
OPPO K11,Liên hệ để báo giá,https://cellphones.com.vn/oppo-k11.html
Honor X50i,Liên hệ để báo giá,https://cellphones.com.vn/honor-x50i.html
Huawei Nova Y70 Plus,Liên hệ để báo giá,https://cellphones.com.vn/huawei-nova-y70-plus.html
Asus Rog Phone 8 ultimate,Liên hệ để báo giá,https://cellphones.com.vn/asus-rog-phone-8-ultimate.html
Honor 80 Pro,Liên hệ để báo giá,https://cellphones.com.vn/honor-80-pro.html
OPPO Find X8 mini,Liên hệ để báo giá,https://cellphones.com.vn/dien-thoai-oppo-find-x8-mini.html
Samsung Galaxy Fold5,Liên hệ để báo giá,https://cellphones.com.vn/samsung-galaxy-z-fold-5-512gb-63940.html
Masstel Izi 50 4G,Liên hệ để báo giá,https://cellphones.com.vn/masstel-izi-50-4g.html
vivo Y38 5G,Liên hệ để báo giá,https://cellphones.com.vn/dien-thoai-vivo-y38-5g.html
Infinix HOT 50i 4GB 128GB,Liên hệ để báo giá,https://cellphones.com.vn/dien-thoai-infinix-hot-50i.html
Xiaomi 14 Pro 12GB 256GB,Liên hệ để báo giá,https://cellphones.com.vn/xiaomi-14-pro-12gb-256gb.html
Nubia Redmagic 8s Pro 16GB 512GB Transparent,Liên hệ để báo giá,https://cellphones.com.vn/nubia-redmagic-8s-pro-16gb-512gb-transparent.html
Vivo X90,Liên hệ để báo giá,https://cellphones.com.vn/vivo-x90.html
realme GT6 Pro,Liên hệ để báo giá,https://cellphones.com.vn/dien-thoai-realme-gt6-pro.html
Xiaomi Redmi Note 14 8GB 128GB,Liên hệ để báo giá,https://cellphones.com.vn/dien-thoai-xiaomi-redmi-note-14-8gb-128gb.html
Honor 200 Pro,Liên hệ để báo giá,https://cellphones.com.vn/dien-thoai-honor-200-pro.html
Samsung Galaxy M21s,Liên hệ để báo giá,https://cellphones.com.vn/samsung-galaxy-m21s.html
Sharp Aquos R8,Liên hệ để báo giá,https://cellphones.com.vn/sharp-aquos-r8.html
Vivo Y1s,Liên hệ để báo giá,https://cellphones.com.vn/vivo-y1s.html
Huawei Mate X2,Liên hệ để báo giá,https://cellphones.com.vn/huawei-mate-x2.html
vivo Y78+,Liên hệ để báo giá,https://cellphones.com.vn/vivo-y78-plus.html
OPPO K10x,Liên hệ để báo giá,https://cellphones.com.vn/oppo-k10x.html
realme Narzo 50,Liên hệ để báo giá,https://cellphones.com.vn/realme-narzo-50.html
Xiaomi Redmi Note 14 Pro 8GB 256GB,Liên hệ để báo giá,https://cellphones.com.vn/dien-thoai-xiaomi-redmi-note-14-pro-8gb-256gb.html
Huawei Nova Y91,Liên hệ để báo giá,https://cellphones.com.vn/huawei-nova-y91.html
OPPO F23 5G,Liên hệ để báo giá,https://cellphones.com.vn/oppo-f23-5g.html
Xiaomi POCO F8 Ultra 12GB 256GB,Liên hệ để báo giá,https://cellphones.com.vn/dien-thoai-xiaomi-poco-f8-ultra.html
OPPO A1x,Liên hệ để báo giá,https://cellphones.com.vn/oppo-a1x.html
Redmi K60 Ultra,Liên hệ để báo giá,https://cellphones.com.vn/redmi-k60-ultra.html
OPPO Find X8 Ultra,Liên hệ để báo giá,https://cellphones.com.vn/dien-thoai-oppo-find-x8-ultra.html
Xiaomi 14T Pro 8GB 256GB,Liên hệ để báo giá,https://cellphones.com.vn/xiaomi-14t-pro-8gb-256gb.html
Redmi K60 Pro 5G,Liên hệ để báo giá,https://cellphones.com.vn/xiaomi-redmi-k60-pro.html
Honor X40i,Liên hệ để báo giá,https://cellphones.com.vn/honor-x40i.html
Honor X5 Plus,Liên hệ để báo giá,https://cellphones.com.vn/honor-x5-plus.html
ASUS ROG Phone 8,Liên hệ để báo giá,https://cellphones.com.vn/asus-rog-phone-8.html
Xiaomi 14T 12GB 256GB,Liên hệ để báo giá,https://cellphones.com.vn/xiaomi-14t-12gb-256gb.html
Vivo Y100A,Liên hệ để báo giá,https://cellphones.com.vn/vivo-y100a.html
POCO M6 Plus 5G,Liên hệ để báo giá,https://cellphones.com.vn/dien-thoai-poco-m6-plus-5g.html
Google Pixel 6 Pro,Liên hệ để báo giá,https://cellphones.com.vn/google-pixel-6-pro.html
Samsung Galaxy M42,Liên hệ để báo giá,https://cellphones.com.vn/samsung-galaxy-m42.html
Huawei Mate 50E,Liên hệ để báo giá,https://cellphones.com.vn/huawei-mate-50e.html
OPPO Find X6,Liên hệ để báo giá,https://cellphones.com.vn/oppo-find-x6.html
Xiaomi 17T 5G 12GB 512GB,Liên hệ để báo giá,https://cellphones.com.vn/dien-thoai-xiaomi-17t.html
Masstel Hapi 30,Liên hệ để báo giá,https://cellphones.com.vn/masstel-hapi-30.html
HONOR 600 Lite,Liên hệ để báo giá,https://cellphones.com.vn/dien-thoai-honor-600-lite.html
Oppo F17,Liên hệ để báo giá,https://cellphones.com.vn/oppo-f17.html
Tecno Pova Curve 2 5G 8GB 128GB,Liên hệ để báo giá,https://cellphones.com.vn/dien-thoai-tecno-pova-curve-2-5g.html
OnePlus Nord CE 4 Lite,Liên hệ để báo giá,https://cellphones.com.vn/dien-thoai-oneplus-nord-ce-4-lite.html
Tecno Pova Curve 2 5G 8GB 256GB,Liên hệ để báo giá,https://cellphones.com.vn/dien-thoai-tecno-pova-curve-2-5g-8gb-256gb.html
Samsung Galaxy A35 5G 8GB-256GB,Liên hệ để báo giá,https://cellphones.com.vn/dien-thoai-samsung-galaxy-a35-5g-8gb-256gb.html
Samsung A06 5G 4GB-64GB,Liên hệ để báo giá,https://cellphones.com.vn/dien-thoai-samsung-galaxy-a06-4gb-64gb.html
Nothing Phone 1,Liên hệ để báo giá,https://cellphones.com.vn/nothing-phone-1.html
Vivo Y32t,Liên hệ để báo giá,https://cellphones.com.vn/vivo-y32t.html
Xiaomi Redmi Note 14S,Liên hệ để báo giá,https://cellphones.com.vn/dien-thoai-xiaomi-redmi-note-14s.html
vivo X Note,Liên hệ để báo giá,https://cellphones.com.vn/vivo-x-note.html
Oppo A77 5G,Liên hệ để báo giá,https://cellphones.com.vn/oppo-a77.html
Điện thoại Xiaomi Poco F7,Liên hệ để báo giá,https://cellphones.com.vn/dien-thoai-xiaomi-poco-f7.html
Nokia X30 5G,Liên hệ để báo giá,https://cellphones.com.vn/nokia-x30.html
ZTE V70,Liên hệ để báo giá,https://cellphones.com.vn/zte-v70.html
Oneplus Open,Liên hệ để báo giá,https://cellphones.com.vn/oneplus-open.html
Nothing Phone 3,Liên hệ để báo giá,https://cellphones.com.vn/dien-thoai-nothing-phone-3.html
Motorola Edge 40 Pro,Liên hệ để báo giá,https://cellphones.com.vn/motorola-edge-40-pro.html
Samsung Galaxy F13,Liên hệ để báo giá,https://cellphones.com.vn/samsung-galaxy-f13.html
realme 12 Pro plus,Liên hệ để báo giá,https://cellphones.com.vn/dien-thoai-realme-12-pro-plus.html
Vivo Y77e 5G,Liên hệ để báo giá,https://cellphones.com.vn/vivo-y77e.html
Tecno Pova Neo 5G,Liên hệ để báo giá,https://cellphones.com.vn/tecno-pova-neo-5g.html
Vivo S15e,Liên hệ để báo giá,https://cellphones.com.vn/vivo-s15e.html
Xiaomi Mi 10T Lite,Liên hệ để báo giá,https://cellphones.com.vn/xiaomi-mi-10t-lite.html
masstel izi 20 4g,Liên hệ để báo giá,https://cellphones.com.vn/masstel-izi-20-4g.html
Google Pixel Fold,Liên hệ để báo giá,https://cellphones.com.vn/google-pixel-fold.html
Huawei Enjoy 60X,Liên hệ để báo giá,https://cellphones.com.vn/huawei-enjoy-60x.html
Vivo X80 Lite,Liên hệ để báo giá,https://cellphones.com.vn/vivo-x80-lite.html
Vivo Y22T,Liên hệ để báo giá,https://cellphones.com.vn/vivo-y22t.html
realme GT 5 Pro,Liên hệ để báo giá,https://cellphones.com.vn/realme-gt-5-pro.html
Huawei Nova 10,Liên hệ để báo giá,https://cellphones.com.vn/huawei-nova-10.html
OPPO PHF110,Liên hệ để báo giá,https://cellphones.com.vn/oppo-phf110.html
vivo iQOO Z6x,Liên hệ để báo giá,https://cellphones.com.vn/vivo-iqoo-z6x.html
OPPO Find X7 Ultra 12GB 256GB,Liên hệ để báo giá,https://cellphones.com.vn/oppo-find-x7-ultra.html
Masstel Izi 26 4G,Liên hệ để báo giá,https://cellphones.com.vn/masstel-izi-26-4g.html
Samsung Galaxy Z Flip 5 8GB 512GB,Liên hệ để báo giá,https://cellphones.com.vn/samsung-galaxy-z-flip-5-512gb-63941.html-1
Honor 200,Liên hệ để báo giá,https://cellphones.com.vn/dien-thoai-honor-200.html
Xiaomi 11i HyperCharge,Liên hệ để báo giá,https://cellphones.com.vn/xiaomi-11i-hypercharge.html
Masstel Izi 11,Liên hệ để báo giá,https://cellphones.com.vn/masstel-izi-11.html
Honor 200 Lite,Liên hệ để báo giá,https://cellphones.com.vn/dien-thoai-honor-200-lite.html
Xiaomi 14T 12GB 512GB,Liên hệ để báo giá,https://cellphones.com.vn/xiaomi-14t-12gb-512gb.html
Vivo S17t,Liên hệ để báo giá,https://cellphones.com.vn/vivo-s17t.html
Vivo iQOO 9T,Liên hệ để báo giá,https://cellphones.com.vn/vivo-iqoo-9t.html
Honor X50i+,Liên hệ để báo giá,https://cellphones.com.vn/honor-x50i-plus.html
HTC Wildfire E3 Lite,Liên hệ để báo giá,https://cellphones.com.vn/htc-wildfire-e3-lite.html
OPPO A16e,Liên hệ để báo giá,https://cellphones.com.vn/oppo-a16e.html
Xperia 10 V,Liên hệ để báo giá,https://cellphones.com.vn/sony-xperia-10v-72444.html
OPPO K11x,Liên hệ để báo giá,https://cellphones.com.vn/oppo-k11x.html
Leitz Phone 1,Liên hệ để báo giá,https://cellphones.com.vn/leitz-phone.html
Oneplus Nord CE2,Liên hệ để báo giá,https://cellphones.com.vn/oneplus-nord-ce-2.html
OPPO Reno13F 5G 12GB-512GB,Liên hệ để báo giá,https://cellphones.com.vn/dien-thoai-oppo-reno13f-5g-12gb-512gb.html
OPPO Reno9 Lite,Liên hệ để báo giá,https://cellphones.com.vn/oppo-reno9-lite.html
Realme V13,Liên hệ để báo giá,https://cellphones.com.vn/realme-v13.html
Xiaomi 12 Ultra,Liên hệ để báo giá,https://cellphones.com.vn/xiaomi-mi-12-ultra.html
Xiaomi Civi 2,Liên hệ để báo giá,https://cellphones.com.vn/xiaomi-civi-2.html
Vivo Y01,Liên hệ để báo giá,https://cellphones.com.vn/vivo-y01.html
Realme GT Neo 5 SE,Liên hệ để báo giá,https://cellphones.com.vn/realme-gt-neo-5-se.html
Xiaomi 14 8GB 128GB,Liên hệ để báo giá,https://cellphones.com.vn/xiaomi-14-8gb-128gb.html
OPPO Reno9 Pro Plus,Liên hệ để báo giá,https://cellphones.com.vn/oppo-reno-9-pro-plus.html
OPPO A2m,Liên hệ để báo giá,https://cellphones.com.vn/oppo-a2m.html
vivo Y200 GT,Liên hệ để báo giá,https://cellphones.com.vn/dien-thoai-vivo-y200-gt.html
Vivo Y11 4G,Liên hệ để báo giá,https://cellphones.com.vn/vivo-y11-4g.html
Tecno Pop 6 Pro,Liên hệ để báo giá,https://cellphones.com.vn/tecno-pop-6-pro.html
Xiaomi Redmi A5 4G,Liên hệ để báo giá,https://cellphones.com.vn/dien-thoai-xiaomi-redmi-a5-4g.html
Xiaomi Mix Fold 3,Liên hệ để báo giá,https://cellphones.com.vn/xiaomi-mix-fold-3.html
Honor X8A,Liên hệ để báo giá,https://cellphones.com.vn/honor-x8a.html
Honor X9C 5G 12GB 256GB,Liên hệ để báo giá,https://cellphones.com.vn/dien-thoai-honor-x9c-5g-12gb-256gb.html
OnePlus Ace 2V,Liên hệ để báo giá,https://cellphones.com.vn/oneplus-ace-2v.html
Honor Play 7T Pro,Liên hệ để báo giá,https://cellphones.com.vn/honor-play-7t-pro.html
Xiaomi POCO C65,Liên hệ để báo giá,https://cellphones.com.vn/xiaomi-poco-c65.html
Nubia Red Magic 9 Pro,Liên hệ để báo giá,https://cellphones.com.vn/dien-thoai-nubia-red-magic-9-pro.html
ZenFone 10,Liên hệ để báo giá,https://cellphones.com.vn/asus-zenfone-10.html
Redmi Note 11 Prime 5G,Liên hệ để báo giá,https://cellphones.com.vn/redmi-note-11-prime-5g.html
Masstel x1,Liên hệ để báo giá,https://cellphones.com.vn/masstel-x1.html
Realme GT 2,Liên hệ để báo giá,https://cellphones.com.vn/realme-gt-2.html
Samsung Galaxy F55 5G,Liên hệ để báo giá,https://cellphones.com.vn/dien-thoai-samsung-galaxy-f55-5g.html
OPPO K9x,Liên hệ để báo giá,https://cellphones.com.vn/oppo-k9x.html
Xiaomi CIVI 3,Liên hệ để báo giá,https://cellphones.com.vn/xiaomi-civi-3.html
Vivo V27,Liên hệ để báo giá,https://cellphones.com.vn/vivo-v27.html
Vivo Nex 3,Liên hệ để báo giá,https://cellphones.com.vn/vivo-nex-3.html
Vivo Y75s,Liên hệ để báo giá,https://cellphones.com.vn/vivo-y75s.html
OPPO Find N,Liên hệ để báo giá,https://cellphones.com.vn/oppo-find-n.html
Samsung Galaxy M51,Liên hệ để báo giá,https://cellphones.com.vn/samsung-galaxy-m51.html
OPPO Reno9 Z,Liên hệ để báo giá,https://cellphones.com.vn/oppo-reno9-z.html
Xiaomi Redmi Note 12 Pro+,Liên hệ để báo giá,https://cellphones.com.vn/xiaomi-redmi-note-12-pro-plus.html
Vivo T2 5G,Liên hệ để báo giá,https://cellphones.com.vn/vivo-t2.html
Điện thoại Xiaomi 17 Pro Max,Liên hệ để báo giá,https://cellphones.com.vn/dien-thoai-xiaomi-17-pro-max.html
Xiaomi 14 Lite,Liên hệ để báo giá,https://cellphones.com.vn/xiaomi-14-lite.html
OPPO Find X7 5G 12GB 256GB,Liên hệ để báo giá,https://cellphones.com.vn/oppo-find-x7.html
Samsung Galaxy A16 5G 8GB 256GB,Liên hệ để báo giá,https://cellphones.com.vn/dien-thoai-samsung-galaxy-a16-256gb.html
Nokia Hero 5G,Liên hệ để báo giá,https://cellphones.com.vn/nokia-hero-5g.html
Motorola Moto E13,Liên hệ để báo giá,https://cellphones.com.vn/motorola-moto-e13.html
Điện thoại Xiaomi 15T Pro 12GB 256GB,Liên hệ để báo giá,https://cellphones.com.vn/dien-thoai-xiaomi-15t-pro-12gb-256gb.html
vivo iQOO Pad Air,Liên hệ để báo giá,https://cellphones.com.vn/may-tinh-bang-vivo-iqoo-pad-air.html
OnePlus Ace,Liên hệ để báo giá,https://cellphones.com.vn/oneplus-ace.html
HTC U11,Liên hệ để báo giá,https://cellphones.com.vn/htc-u11.html
Samsung Galaxy A34 5G 8GB 256GB,Liên hệ để báo giá,https://cellphones.com.vn/samsung-galaxy-a34-8gb-256gb.html
Google Pixel 6a,Liên hệ để báo giá,https://cellphones.com.vn/google-pixel-6-a.html
Samsung Galaxy F54 5G,Liên hệ để báo giá,https://cellphones.com.vn/samsung-galaxy-f54-5g.html
Apple iPhone 5S 16GB,Liên hệ để báo giá,https://cellphones.com.vn/iphone-5s-16-gb.html
vivo iQOO Z9x,Liên hệ để báo giá,https://cellphones.com.vn/dien-thoai-vivo-qioo-z9x.html
masstel fami 60,Liên hệ để báo giá,https://cellphones.com.vn/masstel-fami-60.html
Honor X7a,Liên hệ để báo giá,https://cellphones.com.vn/honor-x7a.html
Huawei Nova 12 Pro,Liên hệ để báo giá,https://cellphones.com.vn/huawei-nova-12-pro.html
OPPO A58 8GB 256GB,Liên hệ để báo giá,https://cellphones.com.vn/oppo-a58-256gb.html
Xiaomi POCO C55,Liên hệ để báo giá,https://cellphones.com.vn/xiaomi-poco-c55.html
Infinix Note 30 Pro,Liên hệ để báo giá,https://cellphones.com.vn/infinix-note-30-pro.html
vivo X100s,Liên hệ để báo giá,https://cellphones.com.vn/dien-thoai-vivo-x100s.html
Vivo X70T Pro,Liên hệ để báo giá,https://cellphones.com.vn/vivo-x70t-pro.html
Oppo Reno5 Lite,Liên hệ để báo giá,https://cellphones.com.vn/oppo-reno-5-lite.html
Samsung A36 5G 12GB - 256GB,Liên hệ để báo giá,https://cellphones.com.vn/dien-thoai-samsung-galaxy-a36-12gb-256gb.html
Samsung Galaxy S24FE 5G 8GB 256GB,Liên hệ để báo giá,https://cellphones.com.vn/dien-thoai-samsung-galaxy-s24-fe-256gb.html
OPPO Reno13F 5G 8GB-128GB,Liên hệ để báo giá,https://cellphones.com.vn/dien-thoai-oppo-reno13f-5g-8gb-128gb.html
Xiaomi Redmi 13X,Liên hệ để báo giá,https://cellphones.com.vn/dien-thoai-xiaomi-redmi-13x.html
Samsung Galaxy M23,Liên hệ để báo giá,https://cellphones.com.vn/samsung-galaxy-m23.html
Xperia 5 V,Liên hệ để báo giá,https://cellphones.com.vn/sony-xperia-5v.html
OPPO Find N2,Liên hệ để báo giá,https://cellphones.com.vn/oppo-find-n2.html
ZTE Nubia Z50 Ultra,Liên hệ để báo giá,https://cellphones.com.vn/zte-nubia-z50-ultra.html
Honor 80 GT,Liên hệ để báo giá,https://cellphones.com.vn/honor-80-gt.html
Samsung Galaxy Buddy2,Liên hệ để báo giá,https://cellphones.com.vn/samsung-galaxy-buddy2.html
Huawei Mate XT Ultimate,Liên hệ để báo giá,https://cellphones.com.vn/dien-thoai-huawei-mate-xt-ultimate.html
vivo X Fold,Liên hệ để báo giá,https://cellphones.com.vn/vivo-x-fold.html
Realme 10 8GB 256GB,Liên hệ để báo giá,https://cellphones.com.vn/realme-10-8gb-256gb.html
Realme 9 SE 5G,Liên hệ để báo giá,https://cellphones.com.vn/realme-9-se.html
Samsung Galaxy Tab S10 FE 5G,Liên hệ để báo giá,https://cellphones.com.vn/dien-thoai-samsung-galaxy-tab-s10-fe-5g-99771.html
Vivo S1,Liên hệ để báo giá,https://cellphones.com.vn/vivo-s1.html
Oneplus Ace 2 Pro,Liên hệ để báo giá,https://cellphones.com.vn/oneplus-ace-2-pro.html
OPPO F27 Pro,Liên hệ để báo giá,https://cellphones.com.vn/dien-thoai-oppo-f27-pro.html
vivo Y18e,Liên hệ để báo giá,https://cellphones.com.vn/dien-thoai-vivo-y18e.html
Huawei Nova 11 SE,Liên hệ để báo giá,https://cellphones.com.vn/huawei-pova-11-se.html
Masstel Izi 25 4G,Liên hệ để báo giá,https://cellphones.com.vn/masstel-izi-25-4g.html
vivo X Fold2,Liên hệ để báo giá,https://cellphones.com.vn/vivo-x-fold-2.html
HONOR 600 Pro 5G 12GB 256GB,Liên hệ để báo giá,https://cellphones.com.vn/dien-thoai-honor-600-pro.html
Huawei Nova 10z,Liên hệ để báo giá,https://cellphones.com.vn/huawei-nova-10z.html
masstel izi 300,Liên hệ để báo giá,https://cellphones.com.vn/masstel-izi-300.html
Xiaomi Redmi A7 Pro 4GB 64GB,Liên hệ để báo giá,https://cellphones.com.vn/dien-thoai-xiaomi-redmi-a7-pro-4gb-64gb.html
Doogee V30 Pro,Liên hệ để báo giá,https://cellphones.com.vn/doogee-v30-pro.html
Redmi 11A,Liên hệ để báo giá,https://cellphones.com.vn/redmi-11a.html
Oppo F19s,Liên hệ để báo giá,https://cellphones.com.vn/oppo-f19s.html
Google Pixel 5,Liên hệ để báo giá,https://cellphones.com.vn/google-pixel-5.html
vivo Y200i,Liên hệ để báo giá,https://cellphones.com.vn/dien-thoai-vivo-y200i.html
Xiaomi Mi 10 Ultra,Liên hệ để báo giá,https://cellphones.com.vn/xiaomi-mi-10-ultra.html
Nubia Red Magic 10,Liên hệ để báo giá,https://cellphones.com.vn/dien-thoai-nubia-red-magic-10.html
Điện thoại Samsung Galaxy Z Fold mới,Liên hệ để báo giá,https://cellphones.com.vn/dien-thoai-samsung-galaxy-z-fold-moi.html
vivo IQOO Neo 8,Liên hệ để báo giá,https://cellphones.com.vn/vivo-iqoo-neo-8.html
Lenovo Legion Y70,Liên hệ để báo giá,https://cellphones.com.vn/lenovo-legion-y70.html
Honor Magic 6 Pro,Liên hệ để báo giá,https://cellphones.com.vn/dien-thoai-honor-magic-6-pro-77856.html
Motorola Edge 40,Liên hệ để báo giá,https://cellphones.com.vn/motorola-edge-40.html
Samsung Galaxy A15 5G,Liên hệ để báo giá,https://cellphones.com.vn/dien-thoai-samsung-galaxy-a15-5g.html
Huawei Nova 11i,Liên hệ để báo giá,https://cellphones.com.vn/huawei-nova-11i.html
Tecno Pova 4,Liên hệ để báo giá,https://cellphones.com.vn/tecno-pova-4.html
vivo y78,Liên hệ để báo giá,https://cellphones.com.vn/vivo-y78.html
Tecno Spark 10C,Liên hệ để báo giá,https://cellphones.com.vn/tecno-spark-10c.html
Tecno POP 6 Go 4G,Liên hệ để báo giá,https://cellphones.com.vn/tecno-pop-6-go-4g.html
Vivo Y10,Liên hệ để báo giá,https://cellphones.com.vn/vivo-y10.html
OPPO A56,Liên hệ để báo giá,https://cellphones.com.vn/oppo-a56.html
Tecno Spark 9,Liên hệ để báo giá,https://cellphones.com.vn/tecno-spark-9.html
ViVo iQOO 10 Pro,Liên hệ để báo giá,https://cellphones.com.vn/vivo-iqoo-10-pro.html
Honor 90 Pro,Liên hệ để báo giá,https://cellphones.com.vn/honor-90-pro.html
Masstel X5,Liên hệ để báo giá,https://cellphones.com.vn/masstel-x5.html
Xiaomi Redmi Note 13 Pro Plus 4G,Liên hệ để báo giá,https://cellphones.com.vn/xiaomi-redmi-note-13-pro-plus-4g.html
Huawei Enjoy 60 Pro,Liên hệ để báo giá,https://cellphones.com.vn/huawei-enjoy-60-pro.html
Xiaomi Redmi Note 13 8GB 256GB,Liên hệ để báo giá,https://cellphones.com.vn/dien-thoai-xiaomi-redmi-note-13-8gb-256.html
Samsung Galaxy A37 6GB 128GB,Liên hệ để báo giá,https://cellphones.com.vn/dien-thoai-samsung-galaxy-a37-6gb-128gb.html
Huawei P60,Liên hệ để báo giá,https://cellphones.com.vn/huawei-p60.html
Vivo Y66,Liên hệ để báo giá,https://cellphones.com.vn/vivo-y66.html
Samsung W22,Liên hệ để báo giá,https://cellphones.com.vn/samsung-galaxy-w22.html
Xiaomi 17 5G,Liên hệ để báo giá,https://cellphones.com.vn/dien-thoai-xiaomi-17-5g.html
Realme V20 5G,Liên hệ để báo giá,https://cellphones.com.vn/realme-v20.html
HTC A102,Liên hệ để báo giá,https://cellphones.com.vn/htc-a102.html
Oppo K9 Pro,Liên hệ để báo giá,https://cellphones.com.vn/oppo-k9-pro.html
TECNO SPARK 30 4G 8GB 128GB,Liên hệ để báo giá,https://cellphones.com.vn/dien-thoai-tecno-spark-30-4g.html
Xiaomi 13 Ultra,Liên hệ để báo giá,https://cellphones.com.vn/xiaomi-13-ultra.html
Google Pixel 4 XL,Liên hệ để báo giá,https://cellphones.com.vn/google-pixel-4-xl.html
Vivo T2x,Liên hệ để báo giá,https://cellphones.com.vn/vivo-t2x.html
Xiaomi Redmi Note 13 12GB 256GB,Liên hệ để báo giá,https://cellphones.com.vn/dien-thoai-xiaomi-redmi-note-13-12gb-256.html
Honor X6A,Liên hệ để báo giá,https://cellphones.com.vn/honor-x6a.html
Xiaomi 14 Ultra 12GB 512GB,Liên hệ để báo giá,https://cellphones.com.vn/xiaomi-14-ultra-12gb-512gb.html
Motorola Razr 40 Ultra,Liên hệ để báo giá,https://cellphones.com.vn/motorola-razr-40-ultra.html
Masstel Izi 10,Liên hệ để báo giá,https://cellphones.com.vn/masstel-izi-10.html
vivo iQOO Z9,Liên hệ để báo giá,https://cellphones.com.vn/dien-thoai-vivo-qioo-z9.html
OPPO A2 Pro,Liên hệ để báo giá,https://cellphones.com.vn/oppo-a2-pro.html
Samsung Galaxy A37 8GB 256GB,Liên hệ để báo giá,https://cellphones.com.vn/dien-thoai-samsung-galaxy-a37-8gb-256gb.html
HONOR 600 5G 8GB 256GB,Liên hệ để báo giá,https://cellphones.com.vn/dien-thoai-honor-600.html
Xiaomi 15 Pro,Liên hệ để báo giá,https://cellphones.com.vn/dien-thoai-xiaomi-15-pro.html
Redmi Turbo 5 Max,Liên hệ để báo giá,https://cellphones.com.vn/dien-thoai-xiaomi-redmi-turbo-5-max.html
Samsung A36 5G 8GB - 256GB,Liên hệ để báo giá,https://cellphones.com.vn/dien-thoai-samsung-galaxy-a36-8gb-256gb.html
Samsung Galaxy C55,Liên hệ để báo giá,https://cellphones.com.vn/dien-thoai-samsung-galaxy-c55.html
Samsung Galaxy A23 6GB 128GB,Liên hệ để báo giá,https://cellphones.com.vn/samsung-galaxy-a23-6gb.html
Samsung Galaxy A55 5G 12GB 256GB,Liên hệ để báo giá,https://cellphones.com.vn/dien-thoai-samsung-galaxy-a55-5g-12gb-256gb.html
Xiaomi Poco C40,Liên hệ để báo giá,https://cellphones.com.vn/xiaomi-poco-c40.html
Vivo V29,Liên hệ để báo giá,https://cellphones.com.vn/vivo-v29.html
Vivo iQOO Neo 8 Pro,Liên hệ để báo giá,https://cellphones.com.vn/vivo-iqoo-neo-8-pro.html
Xiaomi Redmi Note 14 Pro 8GB 128GB,Liên hệ để báo giá,https://cellphones.com.vn/dien-thoai-xiaomi-redmi-note-14-pro-8gb-128gb.html
Xiaomi 14 Pro,Liên hệ để báo giá,https://cellphones.com.vn/xiaomi-14-pro.html
Vivo Y78m,Liên hệ để báo giá,https://cellphones.com.vn/vivo-y78m.html
Honor X9,Liên hệ để báo giá,https://cellphones.com.vn/honor-x9.html
OPPO A2,Liên hệ để báo giá,https://cellphones.com.vn/oppo-a2.html
Samsung A26 5G 6GB - 128GB,Liên hệ để báo giá,https://cellphones.com.vn/dien-thoai-samsung-galaxy-a26-6gb-128gb.html
Vivo Y95,Liên hệ để báo giá,https://cellphones.com.vn/vivo-y95.html
Red Magic 7S Pro,Liên hệ để báo giá,https://cellphones.com.vn/nubia-red-magic-7s-pro.html
Honor Magic 5 Pro,Liên hệ để báo giá,https://cellphones.com.vn/honor-magic-5-pro.html
OPPO Find X7 Ultra 16GB 256GB,Liên hệ để báo giá,https://cellphones.com.vn/oppo-find-x7-ultra-16gb.html
Xiaomi POCO C51,Liên hệ để báo giá,https://cellphones.com.vn/xiaomi-poco-c51.html
Honor X6,Liên hệ để báo giá,https://cellphones.com.vn/honor-x6.html
vivo Y18S 8GB 256GB,Liên hệ để báo giá,https://cellphones.com.vn/dien-thoai-vivo-y18s-8gb-256gb.html
Google Pixel 2,Liên hệ để báo giá,https://cellphones.com.vn/google-pixel-2.html
Nubia Red Magic 7S,Liên hệ để báo giá,https://cellphones.com.vn/nubia-red-magic-7s.html
huawei p60 art,Liên hệ để báo giá,https://cellphones.com.vn/huawei-p60-art.html
OPPO F27 Pro Plus,Liên hệ để báo giá,https://cellphones.com.vn/dien-thoai-oppo-f27-pro-plus.html
Xiaomi 14 Pro 12GB 512GB,Liên hệ để báo giá,https://cellphones.com.vn/xiaomi-14-pro-12gb-512gb.html
Honor Play 7T,Liên hệ để báo giá,https://cellphones.com.vn/honor-play-7t.html
Vivo S17,Liên hệ để báo giá,https://cellphones.com.vn/vivo-s17.html
Realme C55 8GB 128GB,Liên hệ để báo giá,https://cellphones.com.vn/realme-c55-8gb-128gb-54813.html
OPPO A97,Liên hệ để báo giá,https://cellphones.com.vn/oppo-a97.html
Google Pixel 5a,Liên hệ để báo giá,https://cellphones.com.vn/google-pixel-5-a.html
Tecno Camon 40S,Liên hệ để báo giá,https://cellphones.com.vn/dien-thoai-tecno-camon-40s.html
OPPO Reno13F 4G - 8GB-128GB,Liên hệ để báo giá,https://cellphones.com.vn/dien-thoai-oppo-reno13f-4g-8gb-128gb.html
Xiaomi POCO F5 Pro,Liên hệ để báo giá,https://cellphones.com.vn/xiaomi-poco-f5-pro.html
OPPO A1 Pro,Liên hệ để báo giá,https://cellphones.com.vn/oppo-a1-pro.html
Honor X40 5G,Liên hệ để báo giá,https://cellphones.com.vn/honor-x40.html
Google Pixel 8A,Liên hệ để báo giá,https://cellphones.com.vn/dien-thoai-google-pixel-8a.html
Xiaomi Redmi Note 14 Pro Plus 8GB 128GB,Liên hệ để báo giá,https://cellphones.com.vn/dien-thoai-xiaomi-redmi-note-14-pro-plus-8gb-128gb.html
Samsung A06 5G 6GB - 128GB,Liên hệ để báo giá,https://cellphones.com.vn/dien-thoai-samsung-galaxy-a06-6gb-128gb.html
realme GT Neo 3,Liên hệ để báo giá,https://cellphones.com.vn/realme-gt-neo-3.html
Honor 90,Liên hệ để báo giá,https://cellphones.com.vn/honor-90.html
Realme Narzo 50i Prime,Liên hệ để báo giá,https://cellphones.com.vn/realme-narzo-50i-prime.html
Honor Play 40C,Liên hệ để báo giá,https://cellphones.com.vn/honor-play-40c.html
HONOR Win RT,Liên hệ để báo giá,https://cellphones.com.vn/dien-thoai-honor-win-rt.html
Vivo S15 Pro,Liên hệ để báo giá,https://cellphones.com.vn/vivo-s15-pro.html
Vivo Y74s,Liên hệ để báo giá,https://cellphones.com.vn/vivo-y74s.html
Xiaomi Redmi A7 4GB 128GB,Liên hệ để báo giá,https://cellphones.com.vn/dien-thoai-xiaomi-redmi-a7.html
vivo T3x,Liên hệ để báo giá,https://cellphones.com.vn/dien-thoai-vivo-t3x.html
Sony Xperia 5 IV,Liên hệ để báo giá,https://cellphones.com.vn/sony-xperia-5-iv.html
OPPO A56s,Liên hệ để báo giá,https://cellphones.com.vn/oppo-a56s.html
Samsung Galaxy A74,Liên hệ để báo giá,https://cellphones.com.vn/samsung-galaxy-a74.html
Redmi Note 11R,Liên hệ để báo giá,https://cellphones.com.vn/redmi-note-11r.html
Realme GT Neo 6,Liên hệ để báo giá,https://cellphones.com.vn/dien-thoai-realme-gt-neo-6.html
realme C75 (8GB-128GB),Liên hệ để báo giá,https://cellphones.com.vn/dien-thoai-realme-c75.html
Samsung Galaxy A06s,Liên hệ để báo giá,https://cellphones.com.vn/dien-thoai-samsung-galaxy-a06s.html
Tecno Phantom V Fold,Liên hệ để báo giá,https://cellphones.com.vn/tecno-phantom-v-fold.html
Nokia 150,Liên hệ để báo giá,https://cellphones.com.vn/nokia-150.html
Samsung Galaxy M16 5G,Liên hệ để báo giá,https://cellphones.com.vn/dien-thoai-samsung-galaxy-m16-5g.html
Samsung A26 5G 8GB - 256GB,Liên hệ để báo giá,https://cellphones.com.vn/dien-thoai-samsung-galaxy-a26-8gb-256gb.html
vivo S19 Pro,Liên hệ để báo giá,https://cellphones.com.vn/dien-thoai-vivo-s19-pro.html
Nokia T10,Liên hệ để báo giá,https://cellphones.com.vn/nokia-t10.html
vivo iQOO Z9 Turbo,Liên hệ để báo giá,https://cellphones.com.vn/dien-thoai-vivo-qioo-z9-turbo.html
Samsung Galaxy Z Silde,Liên hệ để báo giá,https://cellphones.com.vn/samsung-galaxy-z-silde.html
vivo V30E SE,Liên hệ để báo giá,https://cellphones.com.vn/dien-thoai-vivo-v30e-se.html
Masstel Hapi 15,Liên hệ để báo giá,https://cellphones.com.vn/masstel-hapi-15.html
Vivo Y52t,Liên hệ để báo giá,https://cellphones.com.vn/vivo-y52t.html
Tecno Spark 30 5G 6GB-128GB,Liên hệ để báo giá,https://cellphones.com.vn/dien-thoai-tecno-spark-30.html
Infinix Zero 30,Liên hệ để báo giá,https://cellphones.com.vn/infinix-zero-30.html
Tecno Pop 5 Pro,Liên hệ để báo giá,https://cellphones.com.vn/tecno-pop-5-pro.html
Xiaomi 13T Pro 5G 12GB 512GB,Liên hệ để báo giá,https://cellphones.com.vn/xiaomi-13t-pro.html
vivo y12,Liên hệ để báo giá,https://cellphones.com.vn/dien-thoai-vivo-y12.html
Huawei Pocket S,Liên hệ để báo giá,https://cellphones.com.vn/huawei-pocket-s.html
Honor Magic V3,Liên hệ để báo giá,https://cellphones.com.vn/dien-thoai-honor-magic-v3.html
Xiaomi Redmi Note 14 Pro Plus 6GB 128GB,Liên hệ để báo giá,https://cellphones.com.vn/dien-thoai-xiaomi-redmi-note-14-pro-plus-6gb-128gb.html
Tecno Camon 19 Pro,Liên hệ để báo giá,https://cellphones.com.vn/tecno-camon-19-pro.html
Xiaomi Redmi Note 14 Pro 12GB 512GB,Liên hệ để báo giá,https://cellphones.com.vn/dien-thoai-xiaomi-redmi-note-14-pro-12gb-512gb.html
Doogee S100 Pro,Liên hệ để báo giá,https://cellphones.com.vn/doogee-s100-pro.html
Samsung Galaxy A06 4GB 64GB,Liên hệ để báo giá,https://cellphones.com.vn/dien-thoai-samsung-galaxy-a06-64gb.html
Asus ROG Phone 7 Pro,Liên hệ để báo giá,https://cellphones.com.vn/asus-rog-phone-7-pro.html
Xiaomi Redmi Note 10T,Liên hệ để báo giá,https://cellphones.com.vn/xiaomi-redmi-note-10t.html
masstel izi 230,Liên hệ để báo giá,https://cellphones.com.vn/masstel-izi-230.html
masstel izi 12 4g,Liên hệ để báo giá,https://cellphones.com.vn/masstel-izi-12-4g.html
Camon Slim 4G 8GB 256GB,Liên hệ để báo giá,https://cellphones.com.vn/dien-thoai-tecno-camon-slim-4g-8gb-256gb.html
Realme V30t,Liên hệ để báo giá,https://cellphones.com.vn/realme-v30t.html
Infinix GT 20 Pro 12GB 256GB,Liên hệ để báo giá,https://cellphones.com.vn/dien-thoai-infinix-gt-20-pro.html
Realme Narzo 9i,Liên hệ để báo giá,https://cellphones.com.vn/realme-narzo-9i.html
Xiaomi Redmi 11 Prime 5G,Liên hệ để báo giá,https://cellphones.com.vn/xiaomi-redmi-11-prime-5g.html
Redmi Note 12T Pro,Liên hệ để báo giá,https://cellphones.com.vn/redmi-note-12t-pro-64076.html
Honor Magic 2,Liên hệ để báo giá,https://cellphones.com.vn/honor-magic-2.html
OPPO K10 Pro,Liên hệ để báo giá,https://cellphones.com.vn/oppo-k10-pro.html
Google Pixel 9,Liên hệ để báo giá,https://cellphones.com.vn/dien-thoai-google-pixel-9.html
Huawei Nova 10 Pro,Liên hệ để báo giá,https://cellphones.com.vn/huawei-nova-10-pro.html
Google Pixel 7,Liên hệ để báo giá,https://cellphones.com.vn/google-pixel-7.html
Điện thoại Xiaomi 15T 12GB 256GB,Liên hệ để báo giá,https://cellphones.com.vn/dien-thoai-xiaomi-15t-12gb-256gb.html
Vivo V29 Pro,Liên hệ để báo giá,https://cellphones.com.vn/vivo-v29-pro.html
Motorola Moto G73,Liên hệ để báo giá,https://cellphones.com.vn/motorola-moto-g73.html
Nothing Phone 2,Liên hệ để báo giá,https://cellphones.com.vn/nothing-phone-2.html
realme C67 8GB 256GB,Liên hệ để báo giá,https://cellphones.com.vn/dien-thoai-realme-c67-8gb-256gb.html
Oneplus Nord N300,Liên hệ để báo giá,https://cellphones.com.vn/oneplus-nord-n300.html
Xiaomi 14 Lite 8GB 256GB,Liên hệ để báo giá,https://cellphones.com.vn/xiaomi-14-lite-8gb-256gb.html
Redmi K60,Liên hệ để báo giá,https://cellphones.com.vn/xiaomi-redmi-k60.html
Xiaomi Redmi Note 13s,Liên hệ để báo giá,https://cellphones.com.vn/dien-thoai-xiaomi-redmi-note-13s.html
Xiaomi Redmi K70e,Liên hệ để báo giá,https://cellphones.com.vn/xiaomi-redmi-k70e.html
realme 10 Pro Plus,Liên hệ để báo giá,https://cellphones.com.vn/realme-10-pro-plus.html
HONOR 600 Lite 5G 8GB 256GB,Liên hệ để báo giá,https://cellphones.com.vn/dien-thoai-honor-600-lite-8gb-256gb.html
Samsung Galaxy F04s,Liên hệ để báo giá,https://cellphones.com.vn/samsung-galaxy-f04s.html
Huawei Enjoy 20 Pro,Liên hệ để báo giá,https://cellphones.com.vn/huawei-enjoy-20-pro.html
Infinix Hot 50 Pro 8GB 256GB,Liên hệ để báo giá,https://cellphones.com.vn/dien-thoai-infinix-hot-50-pro-94168.html
Google Pixel 9 Pro Fold,Liên hệ để báo giá,https://cellphones.com.vn/dien-thoai-google-pixel-9-pro-fold.html
Masstel Play 50,Liên hệ để báo giá,https://cellphones.com.vn/masstel-play-50.html
Oppo K9s,Liên hệ để báo giá,https://cellphones.com.vn/oppo-k9s.html
vivo S15,Liên hệ để báo giá,https://cellphones.com.vn/vivo-s15.html
Xiaomi Redmi Turbo 4,Liên hệ để báo giá,https://cellphones.com.vn/dien-thoai-xiaomi-redmi-turbo-4.html
Motorola Moto G13,Liên hệ để báo giá,https://cellphones.com.vn/motorola-moto-g13.html
Vivo Y52,Liên hệ để báo giá,https://cellphones.com.vn/vivo-y52.html
Xiaomi POCO M7,Liên hệ để báo giá,https://cellphones.com.vn/dien-thoai-xiaomi-poco-m7.html
OPPO Find X8 Pro 5G 16GB 512GB,Liên hệ để báo giá,https://cellphones.com.vn/dien-thoai-oppo-find-x8-pro.html
Xiaomi 17 5G 12GB 512GB,Liên hệ để báo giá,https://cellphones.com.vn/dien-thoai-xiaomi-17-12gb-512gb.html
Samsung Galaxy A57 12GB 256GB,Liên hệ để báo giá,https://cellphones.com.vn/dien-thoai-samsung-galaxy-a57-12gb-256gb.html
TECNO Pova 8 8GB 256GB,Liên hệ để báo giá,https://cellphones.com.vn/dien-thoai-tecno-pova-8-8gb-256gb.html
Samsung Galaxy M44,Liên hệ để báo giá,https://cellphones.com.vn/samsung-galaxy-m44.html
Google Pixel 3,Liên hệ để báo giá,https://cellphones.com.vn/google-pixel-3.html
HONOR Magic 7 Pro,Liên hệ để báo giá,https://cellphones.com.vn/dien-thoai-honor-magic-7-pro.html
TECNO Spark Go 3,Liên hệ để báo giá,https://cellphones.com.vn/dien-thoai-tecno-spark-go-3-4gb-128gb.html
Masstel Tab 8 Pro,Liên hệ để báo giá,https://cellphones.com.vn/masstel-tab-8-pro.html
Oppo Reno4 SE,Liên hệ để báo giá,https://cellphones.com.vn/oppo-reno-4-se.html
Vivo Y35 plus,Liên hệ để báo giá,https://cellphones.com.vn/vivo-y35-plus.html
TECNO Pova 8 8GB 128GB,Liên hệ để báo giá,https://cellphones.com.vn/dien-thoai-tecno-pova-8.html
Realme Narzo N53,Liên hệ để báo giá,https://cellphones.com.vn/realme-narzo-n53.html
Tecno Pova Neo 2,Liên hệ để báo giá,https://cellphones.com.vn/tecno-pova-neo-2.html
Motorola Edge plus,Liên hệ để báo giá,https://cellphones.com.vn/motorola-edge-plus.html
Honor Magic V2,Liên hệ để báo giá,https://cellphones.com.vn/honor-magic-v2.html
Oppo A32,Liên hệ để báo giá,https://cellphones.com.vn/oppo-a32.html
OnePlus Ace Pro,Liên hệ để báo giá,https://cellphones.com.vn/oneplus-ace-pro.html
Vivo iQOO Z7,Liên hệ để báo giá,https://cellphones.com.vn/vivo-iqoo-z7.html
Xiaomi Mi 10T,Liên hệ để báo giá,https://cellphones.com.vn/xiaomi-mi-10t.html
Vivo X Fold Plus,Liên hệ để báo giá,https://cellphones.com.vn/vivo-x-fold-plus.html
OnePlus Nord N30,Liên hệ để báo giá,https://cellphones.com.vn/oneplus-nord-n30.html
Realme C30,Liên hệ để báo giá,https://cellphones.com.vn/realme-c30.html
vivo Y22,Liên hệ để báo giá,https://cellphones.com.vn/vivo-y22.html
Masstel X9,Liên hệ để báo giá,https://cellphones.com.vn/masstel-x9.html
Nothing Phone 3A Pro,Liên hệ để báo giá,https://cellphones.com.vn/dien-thoai-nothing-phone-3a-pro.html
HTC Wildfire E Star,Liên hệ để báo giá,https://cellphones.com.vn/htc-wildfire-e-star.html
Oneplus 12,Liên hệ để báo giá,https://cellphones.com.vn/oneplus-12.html
Xiaomi Redmi Note 10 JE,Liên hệ để báo giá,https://cellphones.com.vn/xiaomi-redmi-note-10-je.html
Vivo Y27s,Liên hệ để báo giá,https://cellphones.com.vn/dien-thoai-vivo-y27s.html
Honor Play 30,Liên hệ để báo giá,https://cellphones.com.vn/honor-play-30.html
Motorola Moto G22,Liên hệ để báo giá,https://cellphones.com.vn/motorola-moto-g22.html
Huawei Nova 9 SE,Liên hệ để báo giá,https://cellphones.com.vn/huawei-nova-9-se-46952.html
Vivo V9,Liên hệ để báo giá,https://cellphones.com.vn/vivo-v9.html
Điện thoại Xiaomi 17 Pro,Liên hệ để báo giá,https://cellphones.com.vn/dien-thoai-xiaomi-17-pro.html
Xiaomi Redmi K50S Pro,Liên hệ để báo giá,https://cellphones.com.vn/xiaomi-redmi-k50s.html
Samsung Galaxy Z Flip5 512GB,Liên hệ để báo giá,https://cellphones.com.vn/samsung-galaxy-z-flip-5.html
Samsung A56 5G 8GB - 256GB,Liên hệ để báo giá,https://cellphones.com.vn/dien-thoai-samsung-galaxy-a56-8gb-256gb.html
OPPO Reno13F 5G 8GB-256GB,Liên hệ để báo giá,https://cellphones.com.vn/dien-thoai-oppo-reno13f-5g-8gb-256gb.html
OPPO Reno12 F 5G 12GB-256GB,Liên hệ để báo giá,https://cellphones.com.vn/dien-thoai-oppo-reno12-f-12gb-256gb.html
vivo V30 Pro,Liên hệ để báo giá,https://cellphones.com.vn/dien-thoai-vivo-v30-pro.html
Honor 90 512GB,Liên hệ để báo giá,https://cellphones.com.vn/honor-90-512gb.html
Vivo Y30 5G,Liên hệ để báo giá,https://cellphones.com.vn/vivo-y30-5g.html
Vivo iQOO Z7x,Liên hệ để báo giá,https://cellphones.com.vn/vivo-iqoo-z7x.html
Tecno Pova 7 Neo,Liên hệ để báo giá,https://cellphones.com.vn/dien-thoai-tecno-pova-7-neo.html
Xiaomi 14 Ultra 12GB 256GB,Liên hệ để báo giá,https://cellphones.com.vn/xiaomi-14-ultra-12gb-256gb.html
OnePlus 11 Pro,Liên hệ để báo giá,https://cellphones.com.vn/oneplus-11-pro.html
Huawei Y6S 2019,Liên hệ để báo giá,https://cellphones.com.vn/huawei-y6-s-2019.html
vivo S19,Liên hệ để báo giá,https://cellphones.com.vn/dien-thoai-vivo-s19.html
Motorola Rizr Rollable,Liên hệ để báo giá,https://cellphones.com.vn/motorola-rizr-rollable.html
Google Pixel 3 XL,Liên hệ để báo giá,https://cellphones.com.vn/google-pixel-3-xl.html
Xiaomi Redmi Note 13 Pro 5G,Liên hệ để báo giá,https://cellphones.com.vn/xiaomi-redmi-note-13-pro-4g-77602.html
Xiaomi Poco F7 Pro,Liên hệ để báo giá,https://cellphones.com.vn/dien-thoai-xiaomi-poco-f7-pro.html
OnePlus Ace 3 Pro,Liên hệ để báo giá,https://cellphones.com.vn/dien-thoai-oneplus-ace-3-pro.html
TECNO Spark 50 Pro 4GB 128GB,Liên hệ để báo giá,https://cellphones.com.vn/dien-thoai-tecno-spark-50-pro.html
Realme Narzo 50i,Liên hệ để báo giá,https://cellphones.com.vn/realme-narzo-50i.html
Xiaomi Redmi K70,Liên hệ để báo giá,https://cellphones.com.vn/xiaomi-redmi-k70.html
Vivo Y97,Liên hệ để báo giá,https://cellphones.com.vn/vivo-y97.html
OnePlus 10 Ultra,Liên hệ để báo giá,https://cellphones.com.vn/oneplus-10-ultra.html
Vivo iQOO 11s,Liên hệ để báo giá,https://cellphones.com.vn/vivo-iqoo-11s.html
Infinix Hot 40,Liên hệ để báo giá,https://cellphones.com.vn/dien-thoai-infinix-hot-40.html
HONOR 600 5G 12GB 256GB,Liên hệ để báo giá,https://cellphones.com.vn/dien-thoai-honor-600-12gb-256gb.html
vivo X200 Ultra,Liên hệ để báo giá,https://cellphones.com.vn/dien-thoai-vivo-x200-ultra.html
Honor Magic V,Liên hệ để báo giá,https://cellphones.com.vn/honor-magic-v.html
iQOO 11,Liên hệ để báo giá,https://cellphones.com.vn/iqoo-11.html
Xiaomi Redmi Note 13 Turbo,Liên hệ để báo giá,https://cellphones.com.vn/dien-thoai-xiaomi-redmi-note-13-turbo.html
Xiaomi Redmi A4,Liên hệ để báo giá,https://cellphones.com.vn/dien-thoai-xiaomi-redmi-a4.html
Xiaomi 17T Pro 5G 12GB 512GB,Liên hệ để báo giá,https://cellphones.com.vn/dien-thoai-xiaomi-17t-pro.html
masstel x6,Liên hệ để báo giá,https://cellphones.com.vn/masstel-x6.html
ZTE Axon 30S,Liên hệ để báo giá,https://cellphones.com.vn/nubia-zte-axon-30s.html
TCL 50SE,Liên hệ để báo giá,https://cellphones.com.vn/dien-thoai-tcl-50se.html
OPPO Reno13F 4G 12GB - 256GB,Liên hệ để báo giá,https://cellphones.com.vn/dien-thoai-oppo-reno13f-4g-12gb-256gb.html
vivo Y36t,Liên hệ để báo giá,https://cellphones.com.vn/dien-thoai-vivo-y36t.html
Blackview N6000,Liên hệ để báo giá,https://cellphones.com.vn/blackview-n6000.html
Xiaomi Redmi Note 14 Pro 5G 8GB 256GB,Liên hệ để báo giá,https://cellphones.com.vn/xiaomi-redmi-note-14-pro-5g-8gb-256gb.html
Honor 70 Lite,Liên hệ để báo giá,https://cellphones.com.vn/honor-70-lite.html
Redmi Note 11 SE,Liên hệ để báo giá,https://cellphones.com.vn/redmi-note-11-se.html
Xiaomi 14 Civi,Liên hệ để báo giá,https://cellphones.com.vn/dien-thoai-xiaomi-14-civi.html
Vivo X90 Pro Plus,Liên hệ để báo giá,https://cellphones.com.vn/vivo-x90-pro-plus.html
TECNO CAMON 20 Pro 5G,Liên hệ để báo giá,https://cellphones.com.vn/tecno-camon-20-pro-5g.html
Tecno Spark 7,Liên hệ để báo giá,https://cellphones.com.vn/tecno-spark-7.html
